epoch,accuracy,auc,loss,lr,precision,recall,val_accuracy,val_auc,val_loss,val_precision,val_recall
0,0.4340277910232544,0.7746522426605225,1.5796003341674805,1e-04,0.601457417011261,0.2328559011220932,0.15294118225574493,0.5614255666732788,2.1803348064422607,0.0,0.0
